name,mae,mse,rmse,smape,r2
xgboost_cpu,0.007658306045092043,0.00010155709237869713,0.010077553888652599,1.6532029143597868,-0.021583116341673092
