name,mae,mse,rmse,smape,r2
linreg,0.007700875069102598,0.0001021640746894166,0.010107624581938953,1.6219851144929858,-0.027688872877482895
