name,mae,mse,rmse,smape,r2
linreg_wo_sent,0.007650497366267716,0.00010155996979998,0.01007769665151616,1.6711435859911357,-0.021612060898201113
