name,mae,mse,rmse,smape,r2
xgboost,0.007658613825378573,0.00010208942865091502,0.010103931346308477,1.6936940610476023,-0.026937993437663454
