split,model,with_sentiment,horizon,mae,mse,rmse,smape,r2
train,enet_mo_wo_sent_30,False,30,0.008050035844639727,0.00015767345750308852,0.012556809208675926,1.6213332166168986,0.022639235150867798
val,enet_mo_wo_sent_30,False,30,0.006830422227653463,8.799225003004466e-05,0.009380418435765255,1.6368230884554085,-0.03622444782958471
test,enet_mo_wo_sent_30,False,30,0.007675263511582682,0.00010161298825130395,0.010080326792882458,1.6266523907818908,-0.039765885419867135
