split,model,with_sentiment,horizon,mae,mse,rmse,smape,r2
train,enet_mo_1,True,1,0.008368233492007757,0.00016962449613071233,0.0130239969337647,1.5925140042103054,0.040714691849634166
val,enet_mo_1,True,1,0.006063005836236795,6.291294860428339e-05,0.007931768315091119,1.607121180437974,-0.05464192183200911
test,enet_mo_1,True,1,0.008551829036167576,0.00012826033736759452,0.011325208049638404,1.5950128148392313,-0.0666917069063857
