split,model,with_sentiment,horizon,mae,mse,rmse,smape,r2
train,enet_mo_30,True,30,0.008274815000340835,0.00017079357787450257,0.013068801700022177,1.6137742202329481,0.026789251187124066
val,enet_mo_30,True,30,0.006733794108577679,8.551405241255727e-05,0.009247380840679012,1.6298378530074877,-0.043735288246731764
test,enet_mo_30,True,30,0.007700875069102598,0.0001021640746894166,0.010107624581938953,1.6219851144929858,-0.028544643915155554
