split,model,with_sentiment,horizon,mae,mse,rmse,smape,r2
train,enet_mo_30,True,30,0.008057142930419049,0.0001558133000444346,0.012482519779452968,1.5607831388750908,0.034151996899024005
val,enet_mo_30,True,30,0.0069515664183766425,9.001426069620309e-05,0.009487584555417837,1.6015059093410806,-0.060671874776156
test,enet_mo_30,True,30,0.007771044294680551,0.0001025625554267907,0.010127317286764087,1.5923336440896338,-0.05053182799440465
