split,model,with_sentiment,horizon,mae,mse,rmse,smape,r2
train,enet_mo_wo_sent_30,False,30,0.008031745636631272,0.00015905289402514533,0.012611617423040762,1.6848138740875611,0.014142521360151343
val,enet_mo_wo_sent_30,False,30,0.006760932198096758,8.663619466657355e-05,0.009307856609691275,1.701693327474808,-0.018555538696275926
test,enet_mo_wo_sent_30,False,30,0.007591347294440557,9.947685450987651e-05,0.009973808425565257,1.6967637963864017,-0.019078328886054843
