split,model,with_sentiment,horizon,mae,mse,rmse,smape,r2
train,enet_mo_30,True,30,0.008023104750324115,0.00015749227613457358,0.012549592668073876,1.6273949904256975,0.02378556770478429
val,enet_mo_30,True,30,0.006820476586727353,8.75943679698635e-05,0.00935918628780641,1.6621930920000187,-0.030447389696827847
test,enet_mo_30,True,30,0.007638712247178602,9.974368711862586e-05,0.009987176133353504,1.6565569176930826,-0.02232172974855116
